NAME,DATE,AWND,PRCP,TMAX,TMIN
"PITTSBURGH ALLEGHENY CO AIRPORT, PA US",01-01-2006,7.16,0,40,33
"PITTSBURGH ALLEGHENY CO AIRPORT, PA US",02-01-2006,5.37,1.21,46,37
"PITTSBURGH ALLEGHENY CO AIRPORT, PA US",03-01-2006,3.8,0.12,41,38
"PITTSBURGH ALLEGHENY CO AIRPORT, PA US",04-01-2006,7.61,0.05,50,39
"PITTSBURGH ALLEGHENY CO AIRPORT, PA US",05-01-2006,11.41,0.05,43,33
"PITTSBURGH ALLEGHENY CO AIRPORT, PA US",06-01-2006,9.62,0.07,33,20
"PITTSBURGH ALLEGHENY CO AIRPORT, PA US",07-01-2006,9.62,0.01,34,21
"PITTSBURGH ALLEGHENY CO AIRPORT, PA US",08-01-2006,8.5,0,53,33
"PITTSBURGH ALLEGHENY CO AIRPORT, PA US",09-01-2006,12.08,0,56,36
"PITTSBURGH ALLEGHENY CO AIRPORT, PA US",10-01-2006,4.92,0,49,35
"PITTSBURGH ALLEGHENY CO AIRPORT, PA US",11-01-2006,12.75,0.13,59,41
"PITTSBURGH ALLEGHENY CO AIRPORT, PA US",12-01-2006,10.29,0,56,36
"PITTSBURGH ALLEGHENY CO AIRPORT, PA US",13-01-2006,9.4,0.72,68,41
"PITTSBURGH ALLEGHENY CO AIRPORT, PA US",14-01-2006,15.66,0.31,47,25
"PITTSBURGH ALLEGHENY CO AIRPORT, PA US",15-01-2006,9.4,0,31,20
"PITTSBURGH ALLEGHENY CO AIRPORT, PA US",16-01-2006,4.92,0,42,22
"PITTSBURGH ALLEGHENY CO AIRPORT, PA US",17-01-2006,11.86,0.42,55,34
"PITTSBURGH ALLEGHENY CO AIRPORT, PA US",18-01-2006,19.01,0.18,47,27
"PITTSBURGH ALLEGHENY CO AIRPORT, PA US",19-01-2006,12.08,0,54,26
"PITTSBURGH ALLEGHENY CO AIRPORT, PA US",20-01-2006,10.51,0,57,51
"PITTSBURGH ALLEGHENY CO AIRPORT, PA US",21-01-2006,11.41,0.03,54,27
"PITTSBURGH ALLEGHENY CO AIRPORT, PA US",22-01-2006,6.93,0.08,45,24
"PITTSBURGH ALLEGHENY CO AIRPORT, PA US",23-01-2006,6.49,0.52,40,30
"PITTSBURGH ALLEGHENY CO AIRPORT, PA US",24-01-2006,13.87,0.12,43,24
"PITTSBURGH ALLEGHENY CO AIRPORT, PA US",25-01-2006,13.87,0,35,25
"PITTSBURGH ALLEGHENY CO AIRPORT, PA US",26-01-2006,8.5,0.1,30,19
"PITTSBURGH ALLEGHENY CO AIRPORT, PA US",27-01-2006,6.71,0.06,40,16
"PITTSBURGH ALLEGHENY CO AIRPORT, PA US",28-01-2006,8.95,0,54,34
"PITTSBURGH ALLEGHENY CO AIRPORT, PA US",29-01-2006,12.08,0.27,55,40
"PITTSBURGH ALLEGHENY CO AIRPORT, PA US",30-01-2006,8.5,0.02,52,42
"PITTSBURGH ALLEGHENY CO AIRPORT, PA US",31-01-2006,8.72,0.03,42,32
"PITTSBURGH ALLEGHENY CO AIRPORT, PA US",01-02-2006,8.05,0,40,31
"PITTSBURGH ALLEGHENY CO AIRPORT, PA US",02-02-2006,8.05,0.01,51,38
"PITTSBURGH ALLEGHENY CO AIRPORT, PA US",03-02-2006,9.17,0.52,50,37
"PITTSBURGH ALLEGHENY CO AIRPORT, PA US",04-02-2006,12.3,0.33,50,34
"PITTSBURGH ALLEGHENY CO AIRPORT, PA US",05-02-2006,20.36,0,34,25
"PITTSBURGH ALLEGHENY CO AIRPORT, PA US",06-02-2006,17.67,0,33,24
"PITTSBURGH ALLEGHENY CO AIRPORT, PA US",07-02-2006,10.07,0,29,24
"PITTSBURGH ALLEGHENY CO AIRPORT, PA US",08-02-2006,6.71,0.01,30,21
"PITTSBURGH ALLEGHENY CO AIRPORT, PA US",09-02-2006,9.17,0.01,29,16
"PITTSBURGH ALLEGHENY CO AIRPORT, PA US",10-02-2006,8.05,0,35,21
"PITTSBURGH ALLEGHENY CO AIRPORT, PA US",11-02-2006,6.04,0,35,26
"PITTSBURGH ALLEGHENY CO AIRPORT, PA US",12-02-2006,8.95,0.19,29,18
"PITTSBURGH ALLEGHENY CO AIRPORT, PA US",13-02-2006,10,0,28,24
"PITTSBURGH ALLEGHENY CO AIRPORT, PA US",14-02-2006,12.53,0.02,45,24
"PITTSBURGH ALLEGHENY CO AIRPORT, PA US",15-02-2006,10.96,0,57,38
"PITTSBURGH ALLEGHENY CO AIRPORT, PA US",16-02-2006,9.84,0.28,65,44
"PITTSBURGH ALLEGHENY CO AIRPORT, PA US",17-02-2006,15.43,0.03,59,27
"PITTSBURGH ALLEGHENY CO AIRPORT, PA US",18-02-2006,10.07,0,27,6
"PITTSBURGH ALLEGHENY CO AIRPORT, PA US",19-02-2006,7.83,0,22,4
"PITTSBURGH ALLEGHENY CO AIRPORT, PA US",20-02-2006,9.17,0,32,19
"PITTSBURGH ALLEGHENY CO AIRPORT, PA US",21-02-2006,10.51,0,41,23
"PITTSBURGH ALLEGHENY CO AIRPORT, PA US",22-02-2006,7.83,0,47,27
"PITTSBURGH ALLEGHENY CO AIRPORT, PA US",23-02-2006,11.86,0,47,32
"PITTSBURGH ALLEGHENY CO AIRPORT, PA US",24-02-2006,8.28,0,36,24
"PITTSBURGH ALLEGHENY CO AIRPORT, PA US",25-02-2006,15.21,0,53,24
"PITTSBURGH ALLEGHENY CO AIRPORT, PA US",26-02-2006,10.07,0,26,16
"PITTSBURGH ALLEGHENY CO AIRPORT, PA US",27-02-2006,10.51,0,28,16
"PITTSBURGH ALLEGHENY CO AIRPORT, PA US",28-02-2006,6.04,0.12,33,17
"PITTSBURGH ALLEGHENY CO AIRPORT, PA US",01-03-2006,3.8,0,43,26
"PITTSBURGH ALLEGHENY CO AIRPORT, PA US",02-03-2006,8.72,0.09,40,26
"PITTSBURGH ALLEGHENY CO AIRPORT, PA US",03-03-2006,10.29,0.01,30,20
"PITTSBURGH ALLEGHENY CO AIRPORT, PA US",04-03-2006,9.4,0,37,21
"PITTSBURGH ALLEGHENY CO AIRPORT, PA US",05-03-2006,6.04,0,42,24
"PITTSBURGH ALLEGHENY CO AIRPORT, PA US",06-03-2006,4.92,0,43,30
"PITTSBURGH ALLEGHENY CO AIRPORT, PA US",07-03-2006,6.71,0,43,23
"PITTSBURGH ALLEGHENY CO AIRPORT, PA US",08-03-2006,5.82,0.11,44,26
"PITTSBURGH ALLEGHENY CO AIRPORT, PA US",09-03-2006,10.74,0.04,66,39
"PITTSBURGH ALLEGHENY CO AIRPORT, PA US",10-03-2006,15.66,0,63,47
"PITTSBURGH ALLEGHENY CO AIRPORT, PA US",11-03-2006,4.25,0.1,57,41
"PITTSBURGH ALLEGHENY CO AIRPORT, PA US",12-03-2006,8.5,0.84,62,50
"PITTSBURGH ALLEGHENY CO AIRPORT, PA US",13-03-2006,14.99,0.44,75,50
"PITTSBURGH ALLEGHENY CO AIRPORT, PA US",14-03-2006,18.12,0,51,31
"PITTSBURGH ALLEGHENY CO AIRPORT, PA US",15-03-2006,13.87,0,42,29
"PITTSBURGH ALLEGHENY CO AIRPORT, PA US",16-03-2006,6.49,0,47,29
"PITTSBURGH ALLEGHENY CO AIRPORT, PA US",17-03-2006,9.62,0,44,26
"PITTSBURGH ALLEGHENY CO AIRPORT, PA US",18-03-2006,10.29,0,38,20
"PITTSBURGH ALLEGHENY CO AIRPORT, PA US",19-03-2006,9.4,0,43,24
"PITTSBURGH ALLEGHENY CO AIRPORT, PA US",20-03-2006,8.28,0,39,25
"PITTSBURGH ALLEGHENY CO AIRPORT, PA US",21-03-2006,8.28,0,32,21
"PITTSBURGH ALLEGHENY CO AIRPORT, PA US",22-03-2006,9.84,0,34,24
"PITTSBURGH ALLEGHENY CO AIRPORT, PA US",23-03-2006,5.59,0,44,31
"PITTSBURGH ALLEGHENY CO AIRPORT, PA US",24-03-2006,3.58,0,41,32
"PITTSBURGH ALLEGHENY CO AIRPORT, PA US",25-03-2006,6.04,0.01,41,30
"PITTSBURGH ALLEGHENY CO AIRPORT, PA US",26-03-2006,6.49,0.04,44,28
"PITTSBURGH ALLEGHENY CO AIRPORT, PA US",27-03-2006,6.26,0,52,29
"PITTSBURGH ALLEGHENY CO AIRPORT, PA US",28-03-2006,4.47,0.02,53,39
"PITTSBURGH ALLEGHENY CO AIRPORT, PA US",29-03-2006,4.47,0,59,42
"PITTSBURGH ALLEGHENY CO AIRPORT, PA US",30-03-2006,5.82,0,69,41
"PITTSBURGH ALLEGHENY CO AIRPORT, PA US",31-03-2006,12.53,0.11,77,49
"PITTSBURGH ALLEGHENY CO AIRPORT, PA US",01-04-2006,12.3,0,60,48
"PITTSBURGH ALLEGHENY CO AIRPORT, PA US",02-04-2006,4.92,0.06,56,45
"PITTSBURGH ALLEGHENY CO AIRPORT, PA US",03-04-2006,14.99,0.31,70,37
"PITTSBURGH ALLEGHENY CO AIRPORT, PA US",04-04-2006,14.99,0.05,52,31
"PITTSBURGH ALLEGHENY CO AIRPORT, PA US",05-04-2006,10.51,0.02,41,29
"PITTSBURGH ALLEGHENY CO AIRPORT, PA US",06-04-2006,3.8,0,57,35
"PITTSBURGH ALLEGHENY CO AIRPORT, PA US",07-04-2006,13.42,0.45,75,49
"PITTSBURGH ALLEGHENY CO AIRPORT, PA US",08-04-2006,11.86,0.01,49,32
"PITTSBURGH ALLEGHENY CO AIRPORT, PA US",09-04-2006,5.82,0,53,27
"PITTSBURGH ALLEGHENY CO AIRPORT, PA US",10-04-2006,2.91,0,64,37
"PITTSBURGH ALLEGHENY CO AIRPORT, PA US",11-04-2006,4.92,0,73,41
"PITTSBURGH ALLEGHENY CO AIRPORT, PA US",12-04-2006,12.3,0.36,77,53
"PITTSBURGH ALLEGHENY CO AIRPORT, PA US",13-04-2006,7.61,0,74,54
"PITTSBURGH ALLEGHENY CO AIRPORT, PA US",14-04-2006,11.63,0.05,67,57
"PITTSBURGH ALLEGHENY CO AIRPORT, PA US",15-04-2006,9.62,0,74,50
"PITTSBURGH ALLEGHENY CO AIRPORT, PA US",16-04-2006,3.13,0,63,44
"PITTSBURGH ALLEGHENY CO AIRPORT, PA US",17-04-2006,8.05,0,67,46
"PITTSBURGH ALLEGHENY CO AIRPORT, PA US",18-04-2006,5.14,0,69,42
"PITTSBURGH ALLEGHENY CO AIRPORT, PA US",19-04-2006,5.82,0,74,50
"PITTSBURGH ALLEGHENY CO AIRPORT, PA US",20-04-2006,4.03,0,78,50
"PITTSBURGH ALLEGHENY CO AIRPORT, PA US",21-04-2006,8.95,0.51,74,56
"PITTSBURGH ALLEGHENY CO AIRPORT, PA US",22-04-2006,5.82,0.09,63,50
"PITTSBURGH ALLEGHENY CO AIRPORT, PA US",23-04-2006,8.28,0.38,67,48
"PITTSBURGH ALLEGHENY CO AIRPORT, PA US",24-04-2006,6.04,0.15,60,47
"PITTSBURGH ALLEGHENY CO AIRPORT, PA US",25-04-2006,8.72,0.26,64,34
"PITTSBURGH ALLEGHENY CO AIRPORT, PA US",26-04-2006,3.36,0,59,31
"PITTSBURGH ALLEGHENY CO AIRPORT, PA US",27-04-2006,6.71,0,68,36
"PITTSBURGH ALLEGHENY CO AIRPORT, PA US",28-04-2006,5.59,0,63,42
"PITTSBURGH ALLEGHENY CO AIRPORT, PA US",29-04-2006,6.04,0,69,41
"PITTSBURGH ALLEGHENY CO AIRPORT, PA US",30-04-2006,9.84,0,71,50
"PITTSBURGH ALLEGHENY CO AIRPORT, PA US",01-05-2006,7.38,0,72,51
"PITTSBURGH ALLEGHENY CO AIRPORT, PA US",02-05-2006,5.82,0.07,74,47
"PITTSBURGH ALLEGHENY CO AIRPORT, PA US",03-05-2006,7.38,0,71,52
"PITTSBURGH ALLEGHENY CO AIRPORT, PA US",04-05-2006,8.05,0,73,48
"PITTSBURGH ALLEGHENY CO AIRPORT, PA US",05-05-2006,5.37,0,72,53
"PITTSBURGH ALLEGHENY CO AIRPORT, PA US",06-05-2006,9.62,0,60,42
"PITTSBURGH ALLEGHENY CO AIRPORT, PA US",07-05-2006,5.37,0,64,37
"PITTSBURGH ALLEGHENY CO AIRPORT, PA US",08-05-2006,8.5,0,61,48
"PITTSBURGH ALLEGHENY CO AIRPORT, PA US",09-05-2006,7.16,0,70,50
"PITTSBURGH ALLEGHENY CO AIRPORT, PA US",10-05-2006,6.71,0.01,79,49
"PITTSBURGH ALLEGHENY CO AIRPORT, PA US",11-05-2006,11.18,1.14,71,47
"PITTSBURGH ALLEGHENY CO AIRPORT, PA US",12-05-2006,8.72,0,59,45
"PITTSBURGH ALLEGHENY CO AIRPORT, PA US",13-05-2006,6.49,0,66,47
"PITTSBURGH ALLEGHENY CO AIRPORT, PA US",14-05-2006,7.16,0.29,70,50
"PITTSBURGH ALLEGHENY CO AIRPORT, PA US",15-05-2006,6.26,0.48,53,47
"PITTSBURGH ALLEGHENY CO AIRPORT, PA US",16-05-2006,9.4,0.27,54,46
"PITTSBURGH ALLEGHENY CO AIRPORT, PA US",17-05-2006,9.84,0.18,63,51
"PITTSBURGH ALLEGHENY CO AIRPORT, PA US",18-05-2006,11.86,0.37,61,46
"PITTSBURGH ALLEGHENY CO AIRPORT, PA US",19-05-2006,7.61,0.23,51,43
"PITTSBURGH ALLEGHENY CO AIRPORT, PA US",20-05-2006,7.61,0,62,46
"PITTSBURGH ALLEGHENY CO AIRPORT, PA US",21-05-2006,11.86,0.04,61,44
"PITTSBURGH ALLEGHENY CO AIRPORT, PA US",22-05-2006,8.05,0,62,40
"PITTSBURGH ALLEGHENY CO AIRPORT, PA US",23-05-2006,6.71,0,65,36
"PITTSBURGH ALLEGHENY CO AIRPORT, PA US",24-05-2006,6.26,0,73,40
"PITTSBURGH ALLEGHENY CO AIRPORT, PA US",25-05-2006,7.38,0.06,74,54
"PITTSBURGH ALLEGHENY CO AIRPORT, PA US",26-05-2006,9.17,0.25,71,61
"PITTSBURGH ALLEGHENY CO AIRPORT, PA US",27-05-2006,5.59,0,78,61
"PITTSBURGH ALLEGHENY CO AIRPORT, PA US",28-05-2006,2.24,0,85,57
"PITTSBURGH ALLEGHENY CO AIRPORT, PA US",29-05-2006,2.91,0,88,62
"PITTSBURGH ALLEGHENY CO AIRPORT, PA US",30-05-2006,4.25,0,89,64
"PITTSBURGH ALLEGHENY CO AIRPORT, PA US",31-05-2006,6.04,0,89,67
"PITTSBURGH ALLEGHENY CO AIRPORT, PA US",01-06-2006,5.37,0.18,80,66
"PITTSBURGH ALLEGHENY CO AIRPORT, PA US",02-06-2006,6.04,1.22,69,56
"PITTSBURGH ALLEGHENY CO AIRPORT, PA US",03-06-2006,7.61,0.11,70,53
"PITTSBURGH ALLEGHENY CO AIRPORT, PA US",04-06-2006,6.04,0.23,62,52
"PITTSBURGH ALLEGHENY CO AIRPORT, PA US",05-06-2006,7.61,0,76,51
"PITTSBURGH ALLEGHENY CO AIRPORT, PA US",06-06-2006,3.36,0.04,79,52
"PITTSBURGH ALLEGHENY CO AIRPORT, PA US",07-06-2006,6.49,0,81,53
"PITTSBURGH ALLEGHENY CO AIRPORT, PA US",08-06-2006,5.37,0.05,79,58
"PITTSBURGH ALLEGHENY CO AIRPORT, PA US",09-06-2006,8.95,0,75,54
"PITTSBURGH ALLEGHENY CO AIRPORT, PA US",10-06-2006,8.72,0,67,51
"PITTSBURGH ALLEGHENY CO AIRPORT, PA US",11-06-2006,6.26,0,68,47
"PITTSBURGH ALLEGHENY CO AIRPORT, PA US",12-06-2006,4.92,0,67,48
"PITTSBURGH ALLEGHENY CO AIRPORT, PA US",13-06-2006,3.58,0.03,76,52
"PITTSBURGH ALLEGHENY CO AIRPORT, PA US",14-06-2006,6.71,0,76,57
"PITTSBURGH ALLEGHENY CO AIRPORT, PA US",15-06-2006,5.82,0,78,55
"PITTSBURGH ALLEGHENY CO AIRPORT, PA US",16-06-2006,3.13,0,81,53
"PITTSBURGH ALLEGHENY CO AIRPORT, PA US",17-06-2006,6.71,0,87,59
"PITTSBURGH ALLEGHENY CO AIRPORT, PA US",18-06-2006,9.17,0,89,66
"PITTSBURGH ALLEGHENY CO AIRPORT, PA US",19-06-2006,7.83,0.78,82,61
"PITTSBURGH ALLEGHENY CO AIRPORT, PA US",20-06-2006,7.16,0,79,61
"PITTSBURGH ALLEGHENY CO AIRPORT, PA US",21-06-2006,6.04,0,78,57
"PITTSBURGH ALLEGHENY CO AIRPORT, PA US",22-06-2006,9.84,0.63,86,65
"PITTSBURGH ALLEGHENY CO AIRPORT, PA US",23-06-2006,2.24,0.21,69,64
"PITTSBURGH ALLEGHENY CO AIRPORT, PA US",24-06-2006,3.36,0,81,64
"PITTSBURGH ALLEGHENY CO AIRPORT, PA US",25-06-2006,2.46,0.07,72,64
"PITTSBURGH ALLEGHENY CO AIRPORT, PA US",26-06-2006,3.36,0.03,78,66
"PITTSBURGH ALLEGHENY CO AIRPORT, PA US",27-06-2006,5.82,0.94,71,65
"PITTSBURGH ALLEGHENY CO AIRPORT, PA US",28-06-2006,8.05,0.08,82,61
"PITTSBURGH ALLEGHENY CO AIRPORT, PA US",29-06-2006,7.61,0.22,74,59
"PITTSBURGH ALLEGHENY CO AIRPORT, PA US",30-06-2006,7.16,0,78,59
"PITTSBURGH ALLEGHENY CO AIRPORT, PA US",01-07-2006,8.95,0,82,58
"PITTSBURGH ALLEGHENY CO AIRPORT, PA US",02-07-2006,10.29,0.32,87,70
"PITTSBURGH ALLEGHENY CO AIRPORT, PA US",03-07-2006,8.95,0.05,82,66
"PITTSBURGH ALLEGHENY CO AIRPORT, PA US",04-07-2006,9.17,0.38,76,68
"PITTSBURGH ALLEGHENY CO AIRPORT, PA US",05-07-2006,6.71,1.04,78,58
"PITTSBURGH ALLEGHENY CO AIRPORT, PA US",06-07-2006,6.71,0,72,54
"PITTSBURGH ALLEGHENY CO AIRPORT, PA US",07-07-2006,2.46,0,76,54
"PITTSBURGH ALLEGHENY CO AIRPORT, PA US",08-07-2006,2.24,0,79,59
"PITTSBURGH ALLEGHENY CO AIRPORT, PA US",09-07-2006,5.82,0,78,62
"PITTSBURGH ALLEGHENY CO AIRPORT, PA US",10-07-2006,8.72,0,80,62
"PITTSBURGH ALLEGHENY CO AIRPORT, PA US",11-07-2006,7.38,0.03,85,69
"PITTSBURGH ALLEGHENY CO AIRPORT, PA US",12-07-2006,9.17,0.89,80,70
"PITTSBURGH ALLEGHENY CO AIRPORT, PA US",13-07-2006,6.04,0.01,82,70
"PITTSBURGH ALLEGHENY CO AIRPORT, PA US",14-07-2006,4.92,0,85,69
"PITTSBURGH ALLEGHENY CO AIRPORT, PA US",15-07-2006,8.28,0,84,71
"PITTSBURGH ALLEGHENY CO AIRPORT, PA US",16-07-2006,4.47,0,90,65
"PITTSBURGH ALLEGHENY CO AIRPORT, PA US",17-07-2006,6.49,0,91,68
"PITTSBURGH ALLEGHENY CO AIRPORT, PA US",18-07-2006,5.59,0,86,71
"PITTSBURGH ALLEGHENY CO AIRPORT, PA US",19-07-2006,3.36,0,88,68
"PITTSBURGH ALLEGHENY CO AIRPORT, PA US",20-07-2006,6.71,0,89,70
"PITTSBURGH ALLEGHENY CO AIRPORT, PA US",21-07-2006,4.7,0,84,71
"PITTSBURGH ALLEGHENY CO AIRPORT, PA US",22-07-2006,7.61,0.18,74,64
"PITTSBURGH ALLEGHENY CO AIRPORT, PA US",23-07-2006,3.58,0,78,61
"PITTSBURGH ALLEGHENY CO AIRPORT, PA US",24-07-2006,6.71,0,82,59
"PITTSBURGH ALLEGHENY CO AIRPORT, PA US",25-07-2006,5.82,0,86,62
"PITTSBURGH ALLEGHENY CO AIRPORT, PA US",26-07-2006,7.61,0,86,65
"PITTSBURGH ALLEGHENY CO AIRPORT, PA US",27-07-2006,9.17,0.07,82,73
"PITTSBURGH ALLEGHENY CO AIRPORT, PA US",28-07-2006,11.41,0.77,82,70
"PITTSBURGH ALLEGHENY CO AIRPORT, PA US",29-07-2006,7.16,0,83,69
"PITTSBURGH ALLEGHENY CO AIRPORT, PA US",30-07-2006,7.83,1.95,84,68
"PITTSBURGH ALLEGHENY CO AIRPORT, PA US",31-07-2006,7.61,0,89,68
"PITTSBURGH ALLEGHENY CO AIRPORT, PA US",01-08-2006,8.05,0,91,72
"PITTSBURGH ALLEGHENY CO AIRPORT, PA US",02-08-2006,9.4,0,91,74
"PITTSBURGH ALLEGHENY CO AIRPORT, PA US",03-08-2006,9.17,0.1,91,70
"PITTSBURGH ALLEGHENY CO AIRPORT, PA US",04-08-2006,6.71,0,82,69
"PITTSBURGH ALLEGHENY CO AIRPORT, PA US",05-08-2006,3.58,0,84,64
"PITTSBURGH ALLEGHENY CO AIRPORT, PA US",06-08-2006,6.93,0,86,65
"PITTSBURGH ALLEGHENY CO AIRPORT, PA US",07-08-2006,7.83,0,87,70
"PITTSBURGH ALLEGHENY CO AIRPORT, PA US",08-08-2006,6.04,0,81,66
"PITTSBURGH ALLEGHENY CO AIRPORT, PA US",09-08-2006,4.25,0,83,60
"PITTSBURGH ALLEGHENY CO AIRPORT, PA US",10-08-2006,4.92,0,82,65
"PITTSBURGH ALLEGHENY CO AIRPORT, PA US",11-08-2006,6.04,0,79,63
"PITTSBURGH ALLEGHENY CO AIRPORT, PA US",12-08-2006,4.92,0,79,56
"PITTSBURGH ALLEGHENY CO AIRPORT, PA US",13-08-2006,3.58,0,81,52
"PITTSBURGH ALLEGHENY CO AIRPORT, PA US",14-08-2006,10.51,0.78,87,59
"PITTSBURGH ALLEGHENY CO AIRPORT, PA US",15-08-2006,5.59,0.81,81,67
"PITTSBURGH ALLEGHENY CO AIRPORT, PA US",16-08-2006,3.8,0,81,59
"PITTSBURGH ALLEGHENY CO AIRPORT, PA US",17-08-2006,4.03,0,84,60
"PITTSBURGH ALLEGHENY CO AIRPORT, PA US",18-08-2006,5.82,0,83,67
"PITTSBURGH ALLEGHENY CO AIRPORT, PA US",19-08-2006,8.28,0.3,83,71
"PITTSBURGH ALLEGHENY CO AIRPORT, PA US",20-08-2006,7.61,0,79,62
"PITTSBURGH ALLEGHENY CO AIRPORT, PA US",21-08-2006,3.8,0.01,79,58
"PITTSBURGH ALLEGHENY CO AIRPORT, PA US",22-08-2006,3.58,0,82,60
"PITTSBURGH ALLEGHENY CO AIRPORT, PA US",23-08-2006,3.13,0,82,61
"PITTSBURGH ALLEGHENY CO AIRPORT, PA US",24-08-2006,4.47,0,79,63
"PITTSBURGH ALLEGHENY CO AIRPORT, PA US",25-08-2006,4.47,0,87,65
"PITTSBURGH ALLEGHENY CO AIRPORT, PA US",26-08-2006,4.7,0,88,66
"PITTSBURGH ALLEGHENY CO AIRPORT, PA US",27-08-2006,7.61,0.71,81,71
"PITTSBURGH ALLEGHENY CO AIRPORT, PA US",28-08-2006,2.91,0.1,76,69
"PITTSBURGH ALLEGHENY CO AIRPORT, PA US",29-08-2006,8.28,0.07,83,67
"PITTSBURGH ALLEGHENY CO AIRPORT, PA US",30-08-2006,4.25,0,74,66
"PITTSBURGH ALLEGHENY CO AIRPORT, PA US",31-08-2006,8.05,0,70,63
"PITTSBURGH ALLEGHENY CO AIRPORT, PA US",01-09-2006,8.28,0.25,65,55
"PITTSBURGH ALLEGHENY CO AIRPORT, PA US",02-09-2006,6.26,0.56,59,54
"PITTSBURGH ALLEGHENY CO AIRPORT, PA US",03-09-2006,6.49,0,64,56
"PITTSBURGH ALLEGHENY CO AIRPORT, PA US",04-09-2006,2.01,0,72,53
"PITTSBURGH ALLEGHENY CO AIRPORT, PA US",05-09-2006,2.01,0.24,68,60
"PITTSBURGH ALLEGHENY CO AIRPORT, PA US",06-09-2006,3.13,0.02,75,58
"PITTSBURGH ALLEGHENY CO AIRPORT, PA US",07-09-2006,2.46,0.01,77,53
"PITTSBURGH ALLEGHENY CO AIRPORT, PA US",08-09-2006,3.8,0,78,55
"PITTSBURGH ALLEGHENY CO AIRPORT, PA US",09-09-2006,5.14,0,79,57
"PITTSBURGH ALLEGHENY CO AIRPORT, PA US",10-09-2006,4.47,0.01,75,56
"PITTSBURGH ALLEGHENY CO AIRPORT, PA US",11-09-2006,6.71,0.01,75,57
"PITTSBURGH ALLEGHENY CO AIRPORT, PA US",12-09-2006,6.93,0.91,63,60
"PITTSBURGH ALLEGHENY CO AIRPORT, PA US",13-09-2006,7.38,1.37,64,60
"PITTSBURGH ALLEGHENY CO AIRPORT, PA US",14-09-2006,7.61,0.15,70,59
"PITTSBURGH ALLEGHENY CO AIRPORT, PA US",15-09-2006,4.92,0.01,69,59
"PITTSBURGH ALLEGHENY CO AIRPORT, PA US",16-09-2006,2.68,0,72,57
"PITTSBURGH ALLEGHENY CO AIRPORT, PA US",17-09-2006,4.92,0.02,76,56
"PITTSBURGH ALLEGHENY CO AIRPORT, PA US",18-09-2006,8.72,0,81,58
"PITTSBURGH ALLEGHENY CO AIRPORT, PA US",19-09-2006,8.72,0.15,70,56
"PITTSBURGH ALLEGHENY CO AIRPORT, PA US",20-09-2006,8.5,0,58,48
"PITTSBURGH ALLEGHENY CO AIRPORT, PA US",21-09-2006,6.04,0,63,46
"PITTSBURGH ALLEGHENY CO AIRPORT, PA US",22-09-2006,8.28,0,69,48
"PITTSBURGH ALLEGHENY CO AIRPORT, PA US",23-09-2006,10.96,0.16,74,62
"PITTSBURGH ALLEGHENY CO AIRPORT, PA US",24-09-2006,13.42,0.07,72,59
"PITTSBURGH ALLEGHENY CO AIRPORT, PA US",25-09-2006,9.17,0,65,51
"PITTSBURGH ALLEGHENY CO AIRPORT, PA US",26-09-2006,5.59,0,69,48
"PITTSBURGH ALLEGHENY CO AIRPORT, PA US",27-09-2006,8.95,0,72,53
"PITTSBURGH ALLEGHENY CO AIRPORT, PA US",28-09-2006,6.49,0.67,60,49
"PITTSBURGH ALLEGHENY CO AIRPORT, PA US",29-09-2006,5.82,0.02,56,46
"PITTSBURGH ALLEGHENY CO AIRPORT, PA US",30-09-2006,8.72,0.12,57,43
"PITTSBURGH ALLEGHENY CO AIRPORT, PA US",01-10-2006,7.83,0,65,48
"PITTSBURGH ALLEGHENY CO AIRPORT, PA US",02-10-2006,6.04,0.01,71,43
"PITTSBURGH ALLEGHENY CO AIRPORT, PA US",03-10-2006,9.17,0,74,56
"PITTSBURGH ALLEGHENY CO AIRPORT, PA US",04-10-2006,9.62,0.09,78,58
"PITTSBURGH ALLEGHENY CO AIRPORT, PA US",05-10-2006,4.92,0.04,60,51
"PITTSBURGH ALLEGHENY CO AIRPORT, PA US",06-10-2006,6.49,0,59,43
"PITTSBURGH ALLEGHENY CO AIRPORT, PA US",07-10-2006,6.04,0,63,40
"PITTSBURGH ALLEGHENY CO AIRPORT, PA US",08-10-2006,3.36,0.01,74,49
"PITTSBURGH ALLEGHENY CO AIRPORT, PA US",09-10-2006,2.24,0,76,51
"PITTSBURGH ALLEGHENY CO AIRPORT, PA US",10-10-2006,2.46,0.01,74,53
"PITTSBURGH ALLEGHENY CO AIRPORT, PA US",11-10-2006,8.95,0.44,63,56
"PITTSBURGH ALLEGHENY CO AIRPORT, PA US",12-10-2006,12.97,0.04,56,32
"PITTSBURGH ALLEGHENY CO AIRPORT, PA US",13-10-2006,13.42,0,50,31
"PITTSBURGH ALLEGHENY CO AIRPORT, PA US",14-10-2006,11.18,0,51,38
"PITTSBURGH ALLEGHENY CO AIRPORT, PA US",15-10-2006,7.16,0,54,34
"PITTSBURGH ALLEGHENY CO AIRPORT, PA US",16-10-2006,5.82,0,59,36
"PITTSBURGH ALLEGHENY CO AIRPORT, PA US",17-10-2006,10.96,1.56,65,48
"PITTSBURGH ALLEGHENY CO AIRPORT, PA US",18-10-2006,3.36,0.02,61,53
"PITTSBURGH ALLEGHENY CO AIRPORT, PA US",19-10-2006,8.5,0.96,73,50
"PITTSBURGH ALLEGHENY CO AIRPORT, PA US",20-10-2006,9.4,0.41,50,41
"PITTSBURGH ALLEGHENY CO AIRPORT, PA US",21-10-2006,7.61,0,56,40
"PITTSBURGH ALLEGHENY CO AIRPORT, PA US",22-10-2006,12.53,0,58,41
"PITTSBURGH ALLEGHENY CO AIRPORT, PA US",23-10-2006,12.97,0,41,34
"PITTSBURGH ALLEGHENY CO AIRPORT, PA US",24-10-2006,10.96,0.01,42,34
"PITTSBURGH ALLEGHENY CO AIRPORT, PA US",25-10-2006,8.5,0,46,37
"PITTSBURGH ALLEGHENY CO AIRPORT, PA US",26-10-2006,3.58,0,49,38
"PITTSBURGH ALLEGHENY CO AIRPORT, PA US",27-10-2006,8.5,0.72,51,41
"PITTSBURGH ALLEGHENY CO AIRPORT, PA US",28-10-2006,16.11,0.6,52,34
"PITTSBURGH ALLEGHENY CO AIRPORT, PA US",29-10-2006,14.09,0,51,36
"PITTSBURGH ALLEGHENY CO AIRPORT, PA US",30-10-2006,8.95,0,68,34
"PITTSBURGH ALLEGHENY CO AIRPORT, PA US",31-10-2006,10.96,0.13,67,49
"PITTSBURGH ALLEGHENY CO AIRPORT, PA US",01-11-2006,4.47,0.2,52,40
"PITTSBURGH ALLEGHENY CO AIRPORT, PA US",02-11-2006,9.17,0,43,29
"PITTSBURGH ALLEGHENY CO AIRPORT, PA US",03-11-2006,8.95,0,37,24
"PITTSBURGH ALLEGHENY CO AIRPORT, PA US",04-11-2006,4.47,0,41,23
"PITTSBURGH ALLEGHENY CO AIRPORT, PA US",05-11-2006,5.82,0,53,34
"PITTSBURGH ALLEGHENY CO AIRPORT, PA US",06-11-2006,5.37,0,60,38
"PITTSBURGH ALLEGHENY CO AIRPORT, PA US",07-11-2006,7.16,0.01,56,45
"PITTSBURGH ALLEGHENY CO AIRPORT, PA US",08-11-2006,5.14,0.04,61,50
"PITTSBURGH ALLEGHENY CO AIRPORT, PA US",09-11-2006,9.4,0.01,65,49
"PITTSBURGH ALLEGHENY CO AIRPORT, PA US",10-11-2006,4.7,0,64,50
"PITTSBURGH ALLEGHENY CO AIRPORT, PA US",11-11-2006,9.62,0.53,63,42
"PITTSBURGH ALLEGHENY CO AIRPORT, PA US",12-11-2006,9.62,0,42,39
"PITTSBURGH ALLEGHENY CO AIRPORT, PA US",13-11-2006,2.01,0.01,43,37
"PITTSBURGH ALLEGHENY CO AIRPORT, PA US",14-11-2006,2.01,0.03,44,41
"PITTSBURGH ALLEGHENY CO AIRPORT, PA US",15-11-2006,6.49,0.22,53,35
"PITTSBURGH ALLEGHENY CO AIRPORT, PA US",16-11-2006,11.86,1.03,66,48
"PITTSBURGH ALLEGHENY CO AIRPORT, PA US",17-11-2006,9.62,0.02,49,37
"PITTSBURGH ALLEGHENY CO AIRPORT, PA US",18-11-2006,1.12,0,45,37
"PITTSBURGH ALLEGHENY CO AIRPORT, PA US",19-11-2006,4.47,0.04,42,35
"PITTSBURGH ALLEGHENY CO AIRPORT, PA US",20-11-2006,6.04,0.02,37,29
"PITTSBURGH ALLEGHENY CO AIRPORT, PA US",21-11-2006,4.7,0,43,25
"PITTSBURGH ALLEGHENY CO AIRPORT, PA US",22-11-2006,6.26,0,49,28
"PITTSBURGH ALLEGHENY CO AIRPORT, PA US",23-11-2006,4.92,0,54,31
"PITTSBURGH ALLEGHENY CO AIRPORT, PA US",24-11-2006,2.68,0,57,30
"PITTSBURGH ALLEGHENY CO AIRPORT, PA US",25-11-2006,6.26,0,65,32
"PITTSBURGH ALLEGHENY CO AIRPORT, PA US",26-11-2006,7.38,0,65,42
"PITTSBURGH ALLEGHENY CO AIRPORT, PA US",27-11-2006,7.16,0,64,42
"PITTSBURGH ALLEGHENY CO AIRPORT, PA US",28-11-2006,7.38,0,65,43
"PITTSBURGH ALLEGHENY CO AIRPORT, PA US",29-11-2006,8.5,0.05,61,55
"PITTSBURGH ALLEGHENY CO AIRPORT, PA US",30-11-2006,10.96,0.01,66,55
"PITTSBURGH ALLEGHENY CO AIRPORT, PA US",01-12-2006,18.34,0.38,73,34
"PITTSBURGH ALLEGHENY CO AIRPORT, PA US",02-12-2006,11.41,0,36,28
"PITTSBURGH ALLEGHENY CO AIRPORT, PA US",03-12-2006,8.28,0,43,26
"PITTSBURGH ALLEGHENY CO AIRPORT, PA US",04-12-2006,12.3,0,27,19
"PITTSBURGH ALLEGHENY CO AIRPORT, PA US",05-12-2006,8.72,0,31,22
"PITTSBURGH ALLEGHENY CO AIRPORT, PA US",06-12-2006,14.09,0,51,24
"PITTSBURGH ALLEGHENY CO AIRPORT, PA US",07-12-2006,13.87,0,40,17
"PITTSBURGH ALLEGHENY CO AIRPORT, PA US",08-12-2006,12.3,0,23,16
"PITTSBURGH ALLEGHENY CO AIRPORT, PA US",09-12-2006,11.41,0.01,36,16
"PITTSBURGH ALLEGHENY CO AIRPORT, PA US",10-12-2006,9.4,0,51,30
"PITTSBURGH ALLEGHENY CO AIRPORT, PA US",11-12-2006,5.82,0,57,38
"PITTSBURGH ALLEGHENY CO AIRPORT, PA US",12-12-2006,10.51,0,61,35
"PITTSBURGH ALLEGHENY CO AIRPORT, PA US",13-12-2006,11.41,0.19,56,41
"PITTSBURGH ALLEGHENY CO AIRPORT, PA US",14-12-2006,10.96,0,59,42
"PITTSBURGH ALLEGHENY CO AIRPORT, PA US",15-12-2006,13.42,0,56,41
"PITTSBURGH ALLEGHENY CO AIRPORT, PA US",16-12-2006,7.38,0,45,34
"PITTSBURGH ALLEGHENY CO AIRPORT, PA US",17-12-2006,10.29,0.02,61,42
"PITTSBURGH ALLEGHENY CO AIRPORT, PA US",18-12-2006,9.17,0.01,60,32
"PITTSBURGH ALLEGHENY CO AIRPORT, PA US",19-12-2006,4.47,0,38,27
"PITTSBURGH ALLEGHENY CO AIRPORT, PA US",20-12-2006,5.37,0,48,23
"PITTSBURGH ALLEGHENY CO AIRPORT, PA US",21-12-2006,3.8,0.04,45,36
"PITTSBURGH ALLEGHENY CO AIRPORT, PA US",22-12-2006,8.28,0.65,52,42
"PITTSBURGH ALLEGHENY CO AIRPORT, PA US",23-12-2006,14.09,0.03,52,40
"PITTSBURGH ALLEGHENY CO AIRPORT, PA US",24-12-2006,8.95,0,44,32
"PITTSBURGH ALLEGHENY CO AIRPORT, PA US",25-12-2006,6.26,0.34,47,30
"PITTSBURGH ALLEGHENY CO AIRPORT, PA US",26-12-2006,9.62,0.09,47,34
"PITTSBURGH ALLEGHENY CO AIRPORT, PA US",27-12-2006,11.41,0.01,39,32
"PITTSBURGH ALLEGHENY CO AIRPORT, PA US",28-12-2006,6.04,0,45,32
"PITTSBURGH ALLEGHENY CO AIRPORT, PA US",29-12-2006,3.58,0,52,32
"PITTSBURGH ALLEGHENY CO AIRPORT, PA US",30-12-2006,5.14,0,54,30
"PITTSBURGH ALLEGHENY CO AIRPORT, PA US",31-12-2006,8.28,0.34,55,38
